,0
2021-08-11,0.10432535758306748
2021-08-12,0.10367499303481374
2021-08-13,0.1033155993451018
2021-08-16,0.10376658335879034
2021-08-17,0.10400917760960317
2021-08-18,0.10300077619992078
2021-08-20,0.10231044550572166
2021-08-23,0.10447654045198518
2021-08-24,0.10524664471805814
2021-08-25,0.10579178381475064
2021-08-26,0.10536265217614157
2021-08-27,0.10407570001145701
2021-08-30,0.10265559908044872
2021-08-31,0.10129057393021894
2021-09-01,0.10041368727330699
2021-09-02,0.09937089458982043
2021-09-03,0.09867819879706691
2021-09-06,0.09822528318481544
2021-09-07,0.09710672346358729
2021-09-08,0.09667881069711957
2021-09-09,0.09715158652532162
2021-09-13,0.09826472637405226
2021-09-14,0.09872408152191271
2021-09-15,0.1003707581295927
2021-09-16,0.10205052543124687
2021-09-17,0.1017657799004217
2021-09-20,0.10039493906227917
2021-09-21,0.10073083145668528
2021-09-22,0.10267696062156421
2021-09-23,0.10486471131036261
2021-09-24,0.10549580710033424
2021-09-27,0.10538564303982548
2021-09-28,0.1038477212288704
2021-09-29,0.10185084088449342
2021-09-30,0.09998032763598211
2021-10-01,0.09848717439356663
2021-10-04,0.09707672720706699
2021-10-05,0.0956333684291762
2021-10-06,0.0952788794200947
2021-10-07,0.09392870640731749
2021-10-08,0.09290937285558117
2021-10-11,0.0917683074692004
2021-10-12,0.09057382121294162
2021-10-13,0.08964645097082641
2021-10-14,0.08880550459146447
2021-10-18,0.087698884429674
2021-10-19,0.08685527308984482
2021-10-20,0.0860492999352958
2021-10-21,0.08540269543130799
2021-10-22,0.08602847768876529
2021-10-25,0.0900261283124074
2021-10-26,0.09096063803525323
2021-10-27,0.09153772578278548
2021-10-28,0.09415127664611568
2021-10-29,0.09779763424137956
2021-11-01,0.09886105231861135
2021-11-02,0.09961559194569265
2021-11-03,0.10176766892889956
2021-11-04,0.10321404295507183
2021-11-08,0.10247754601404183
2021-11-09,0.10236873577686245
2021-11-10,0.10246835361328241
2021-11-11,0.10397350769065467
2021-11-12,0.10480852789812167
2021-11-15,0.10723140171759273
2021-11-16,0.11136162572541071
2021-11-17,0.11748248926500673
2021-11-18,0.12392847830010816
2021-11-22,0.13045792535298442
2021-11-23,0.1326302441120116
2021-11-24,0.13360054881084188
2021-11-25,0.132893624968854
2021-11-26,0.13829804399077986
2021-11-29,0.14536280245531652
2021-11-30,0.14840272775797284
2021-12-01,0.15051412075756737
2021-12-02,0.15293026220402484
2021-12-03,0.15554008393212576
2021-12-06,0.15853213638961575
2021-12-07,0.1606089383836059
2021-12-08,0.16173561637610115
2021-12-09,0.16310865821852072
2021-12-10,0.16512202023966244
2021-12-13,0.16547313169783767
2021-12-14,0.16493640716125682
2021-12-15,0.16394789464667522
2021-12-16,0.16376852129160496
2021-12-17,0.1670142603484435
2021-12-20,0.17232263647821677
2021-12-21,0.1730858482586879
2021-12-22,0.17407374061139597
2021-12-23,0.17396163872843856
2021-12-24,0.1749724518128294
2021-12-27,0.17454766854478293
2021-12-28,0.17421306341871481
2021-12-29,0.17342713816394395
2021-12-30,0.17298221256379206
2021-12-31,0.1724282834830234
2022-01-03,0.17277927617720554
2022-01-04,0.17488057646755348
2022-01-05,0.17595178888421037
2022-01-06,0.1761860768656412
2022-01-07,0.17649140766064986
2022-01-10,0.17674066771154606
2022-01-11,0.1768996223006126
2022-01-12,0.177659313875033
2022-01-13,0.17944006470652749
2022-01-14,0.18134304270832174
2022-01-17,0.18552557735066183
2022-01-18,0.19069235710967256
2022-01-19,0.19320509282525802
2022-01-20,0.19413857307409188
2022-01-21,0.19387919294357134
2022-01-24,0.19331941310607634
2022-01-25,0.1925095143820782
2022-01-27,0.19255704773827273
2022-01-28,0.19234622805005372
2022-01-31,0.19204445027668718
2022-02-01,0.19181414463131907
2022-02-02,0.19134981234210513
2022-02-03,0.1905456442534178
2022-02-04,0.1905907794522727
2022-02-07,0.19085622389529305
2022-02-08,0.19164750690647397
2022-02-09,0.19222206646307902
2022-02-10,0.19283868443506097
2022-02-11,0.19472027716681425
2022-02-14,0.20191733035229864
2022-02-15,0.20560053850866858
2022-02-16,0.20927332609354551
2022-02-17,0.2116635026158674
2022-02-18,0.2144350357405627
2022-02-21,0.21784764927187192
2022-02-22,0.22011473635477144
2022-02-23,0.2209660038780101
2022-02-24,0.22644452585224448
2022-02-25,0.2274624849540353
2022-02-28,0.2279312795985865
2022-03-02,0.2288687168055222
2022-03-03,0.23106597190724154
2022-03-04,0.2369342032851666
2022-03-07,0.2430604513888352
2022-03-08,0.24623440851032377
2022-03-09,0.2468718869165522
2022-03-10,0.2469984053177345
2022-03-11,0.2465566353941897
2022-03-14,0.24455402376421706
2022-03-15,0.2421384078630035
2022-03-16,0.24017383738650538
2022-03-17,0.2365344525281146
2022-03-21,0.23211610532846777
2022-03-22,0.2292584936438134
2022-03-23,0.22912003822205748
2022-03-24,0.22637551718166524
2022-03-25,0.22166251028776957
2022-03-28,0.2160696566635755
2022-03-29,0.22029806859510473
2022-03-30,0.22010197069377424
2022-03-31,0.21990001765227762
2022-04-01,0.22246831929425664
2022-04-04,0.22869879477153673
2022-04-05,0.24033476175177523
2022-04-06,0.2554489402046256
2022-04-07,0.2660867747945066
2022-04-08,0.27622317828604775
2022-04-11,0.2842118391552825
2022-04-12,0.28910487949283675
2022-04-13,0.29407726368494097
2022-04-18,0.2993402419307975
2022-04-19,0.3010856399420234
2022-04-20,0.3026606929073025
2022-04-21,0.3057233283858129
2022-04-22,0.3076418259294166
2022-04-25,0.30765628623822827
2022-04-26,0.3093670031932099
2022-04-27,0.31109722529025413
2022-04-28,0.31285575242934793
2022-04-29,0.31416144666992457
2022-05-02,0.31491175745798977
2022-05-04,0.31479658150769535
2022-05-05,0.31456985182248437
2022-05-06,0.3161641212307143
2022-05-09,0.3198334327526237
2022-05-10,0.32446573349329033
2022-05-11,0.3292365765901265
2022-05-12,0.3381142996620643
2022-05-13,0.34631952768109947
2022-05-16,0.3511614012444626
2022-05-17,0.353562123050824
2022-05-18,0.35558872161568117
2022-05-19,0.3585142733961653
2022-05-20,0.36000046087752713
2022-05-23,0.3620989931197244
2022-05-24,0.36358438259548737
2022-05-25,0.3638216575775549
2022-05-26,0.36547140446313403
2022-05-27,0.365831966932692
2022-05-30,0.36661930648529406
2022-05-31,0.36595560062232274
2022-06-01,0.3647995787153108
2022-06-02,0.3647019673493719
2022-06-03,0.36449854122848674
2022-06-06,0.364140893869463
2022-06-07,0.36365202704059574
2022-06-08,0.36276145531119186
2022-06-09,0.3625367154229519
2022-06-10,0.36321050372400243
2022-06-13,0.3626095851448399
2022-06-14,0.3622299530259958
2022-06-15,0.36236198976807504
2022-06-16,0.36260591524250774
2022-06-17,0.3612985408536214
2022-06-20,0.3608351643626607
2022-06-21,0.35837516802497965
2022-06-22,0.35519538618454644
2022-06-23,0.35389645374419076
2022-06-24,0.3525856720319588
2022-06-27,0.35209028490941463
2022-06-28,0.35143610178469786
2022-06-29,0.35189053162473954
2022-06-30,0.3522628901283842
2022-07-01,0.3521808314904445
2022-07-04,0.3516962295593259
2022-07-05,0.3510991308243917
2022-07-06,0.3497937068063624
2022-07-07,0.3484095404247693
2022-07-08,0.3474186930546207
2022-07-11,0.34784065890854
2022-07-12,0.34984384446052796
2022-07-13,0.3523489943818711
2022-07-14,0.3545824120387292
2022-07-15,0.35896380010133644
2022-07-18,0.3659902717835665
2022-07-19,0.3749253679701718
2022-07-20,0.3791436970555514
2022-07-21,0.38549567948964336
2022-07-22,0.39134686708585803
2022-07-25,0.39623377210204164
2022-07-26,0.39980977456357747
2022-07-27,0.4040868590429738
2022-07-28,0.40953691937031717
2022-07-29,0.4172309243473199
2022-08-01,0.4256869840268613
2022-08-02,0.43341256956863433
2022-08-03,0.4404975227083315
2022-08-04,0.4460266342938769
2022-08-05,0.4505989504226195
2022-08-08,0.45452854429823986
2022-08-10,0.4574858171845824
2022-08-11,0.4610304293347786
2022-08-12,0.4643061589858336
2022-08-16,0.4686208153073693
2022-08-17,0.4715531439971927
2022-08-18,0.47109337631118425
2022-08-19,0.47102051583005144
2022-08-22,0.4698670741664444
2022-08-23,0.46967917920805125
2022-08-24,0.46934803973781697
2022-08-25,0.4691132371710211
2022-08-26,0.4703548986691014
2022-08-29,0.4717704132981986
2022-08-30,0.46981593115658027
2022-09-01,0.47013740506153895
2022-09-02,0.47040433590400804
2022-09-05,0.4702397783205045
2022-09-06,0.4696076283480306
2022-09-07,0.46562022810882636
2022-09-08,0.4611685499950438
2022-09-09,0.4579569168257697
2022-09-12,0.4568496294366353
2022-09-13,0.4564048904968192
2022-09-14,0.4552127960685536
2022-09-15,0.45325040817103024
2022-09-16,0.4513755249431635
2022-09-19,0.45203388392046573
2022-09-20,0.4523890165737362
2022-09-21,0.4522841749001117
2022-09-22,0.4526857376150696
2022-09-23,0.4536703556315851
2022-09-26,0.45627504293373194
2022-09-27,0.45916534208234866
2022-09-28,0.4616171159144913
2022-09-29,0.4642227782808967
2022-09-30,0.4660602683859519
2022-10-03,0.4672679841675768
2022-10-04,0.46759254279532486
2022-10-06,0.4668287678846921
2022-10-07,0.4639753539034686
2022-10-10,0.45956990175426965
2022-10-11,0.45769745786187044
2022-10-12,0.45603124163190306
2022-10-13,0.455222745712508
2022-10-14,0.4548979726137804
2022-10-17,0.4540012754897471
2022-10-18,0.4521404464096846
2022-10-19,0.4518743630669457
2022-10-20,0.45197173900364374
2022-10-21,0.4514058527192131
2022-10-24,0.45120104625550356
2022-10-25,0.4516800895152945
2022-10-27,0.4534795867832229
2022-10-28,0.45503634108183383
2022-10-31,0.4568401556228525
2022-11-01,0.4592037098056218
2022-11-02,0.4611130690939696
2022-11-03,0.4639022829124954
2022-11-04,0.46447743564564287
2022-11-07,0.46363068789344875
2022-11-09,0.4603398603584322
2022-11-10,0.45542706694370944
2022-11-11,0.45073460867583337
2022-11-14,0.44062130820960727
2022-11-15,0.4301156916922016
2022-11-16,0.4224364850786984
2022-11-17,0.4171618476904342
2022-11-18,0.4117447230383051
2022-11-21,0.4046367059982143
2022-11-22,0.3996019907324688
2022-11-23,0.39194594193534826
2022-11-24,0.3834270822820451
2022-11-25,0.37595017789053475
2022-11-28,0.3673989558244569
2022-11-29,0.36118934063785074
2022-11-30,0.3554662127850517
2022-12-01,0.35084249621254143
2022-12-02,0.34601636335757935
2022-12-05,0.343610725546838
2022-12-06,0.34041261402055134
2022-12-07,0.33871489732425947
2022-12-08,0.3374390154867896
2022-12-09,0.3370307459276313
2022-12-12,0.3373390126673707
2022-12-13,0.33799569130861895
2022-12-14,0.3377664577752026
2022-12-15,0.33639428650755737
2022-12-16,0.3330000180525099
2022-12-19,0.32672815941136935
2022-12-20,0.3229622129743011
2022-12-21,0.31333436700389844
2022-12-22,0.3091299461679718
2022-12-23,0.30787411652303565
2022-12-26,0.30976708598357583
2022-12-27,0.3110572237878095
2022-12-28,0.3125774900254763
2022-12-29,0.3131440632427115
2022-12-30,0.31296155400336506
2023-01-02,0.31160108191542324
2023-01-03,0.3107933506759151
2023-01-04,0.31279068685848693
2023-01-05,0.31388947969285463
2023-01-06,0.3185559380578003
2023-01-09,0.32171457166372636
2023-01-10,0.32504443899676316
2023-01-11,0.32923183022586283
2023-01-12,0.3347447384806891
2023-01-13,0.33871616875633814
2023-01-16,0.3418894249398405
2023-01-17,0.34320510738587934
2023-01-18,0.34088424324341243
2023-01-19,0.3348722329585193
2023-01-20,0.33143240046206646
2023-01-23,0.3244831560381253
2023-01-24,0.3187130019129815
2023-01-25,0.3152475333212938
2023-01-27,0.3143104447608014
2023-01-30,0.31302107329885226
2023-01-31,0.3097495975068005
2023-02-01,0.30484835804152116
2023-02-02,0.29795397698279613
2023-02-03,0.291167788083532
2023-02-06,0.28429744501829285
2023-02-07,0.27834963658880235
2023-02-08,0.2736510921817147
2023-02-09,0.26901050269731813
2023-02-10,0.2649663682226872
2023-02-13,0.2587340969981681
2023-02-14,0.25244958406437834
2023-02-15,0.24297497198492257
2023-02-16,0.233299594705204
2023-02-17,0.22574116903423258
2023-02-20,0.22096976815122887
2023-02-21,0.21926880332430096
2023-02-22,0.21907417494472092
2023-02-23,0.21810000849115235
2023-02-24,0.21516852476379877
2023-02-27,0.2090725793507429
2023-02-28,0.2058891571544696
2023-03-01,0.20126976395807428
2023-03-02,0.19878958857390752
2023-03-03,0.19763849345077758
2023-03-06,0.1957019406950892
2023-03-08,0.19320488113034753
2023-03-09,0.1908317013811866
2023-03-10,0.18875847193365095
2023-03-13,0.18761525698224837
2023-03-14,0.18623861190881746
2023-03-15,0.18426536878752783
2023-03-16,0.18291181677595766
2023-03-17,0.18304778466007457
2023-03-20,0.18634424670982674
2023-03-21,0.18817873179817535
2023-03-22,0.18858823083303758
2023-03-23,0.18801151294898324
2023-03-24,0.18804318273314552
2023-03-27,0.1889078285827338
2023-03-28,0.1891414513124589
2023-03-29,0.18848515163931373
2023-03-31,0.1882135260957485
2023-04-03,0.18675746440469734
2023-04-05,0.18643968794895532
2023-04-06,0.18533664644418382
2023-04-10,0.18518944880330765
2023-04-11,0.18494584321458232
2023-04-12,0.18490937025068113
2023-04-13,0.18467316491606686
2023-04-17,0.18339415974303677
2023-04-18,0.18383683792209318
2023-04-19,0.18211135426010885
2023-04-20,0.18074439397671316
2023-04-21,0.17914846965665493
2023-04-24,0.18269075588982595
2023-04-25,0.18545220889751793
2023-04-26,0.1876081887527493
2023-04-27,0.19090565586671085
2023-04-28,0.19832794787571376
2023-05-02,0.20807339397416838
2023-05-03,0.2157963459154733
2023-05-04,0.22188872408497012
2023-05-05,0.22263654458858853
2023-05-08,0.22345008917994288
2023-05-09,0.22493584835446012
2023-05-10,0.22535360352886918
2023-05-11,0.22734549425508632
2023-05-12,0.22795638527579642
2023-05-15,0.22957383764240744
2023-05-16,0.2311664748554745
2023-05-17,0.22984918185892336
2023-05-18,0.22824191962029425
2023-05-19,0.22587464415343642
2023-05-22,0.22506070431723474
2023-05-23,0.2255054064498596
2023-05-24,0.2262581116301758
2023-05-25,0.22735040215558483
2023-05-26,0.2288359553813462
2023-05-29,0.22982319054629047
2023-05-30,0.23007343578483314
2023-05-31,0.2293298739761207
2023-06-01,0.22883787672160744
2023-06-02,0.22801721989083357
2023-06-05,0.2284036418088914
2023-06-06,0.22865367662041602
2023-06-07,0.22980470026261401
2023-06-08,0.22980048312740495
2023-06-09,0.22994942917982364
2023-06-12,0.23152175052651203
2023-06-13,0.23260668352859099
2023-06-14,0.23399708350246132
2023-06-15,0.23605535692602275
2023-06-16,0.24025220918297555
2023-06-19,0.2434763852303505
2023-06-20,0.24624508524245334
2023-06-21,0.2491982824521745
2023-06-22,0.25054046779229205
2023-06-23,0.2506507357316965
2023-06-26,0.2507156345660206
2023-06-27,0.25072926042153193
2023-06-28,0.24818409903308403
2023-06-30,0.2470971052118186
2023-07-03,0.24666401433317833
2023-07-04,0.24520195477978296
2023-07-05,0.24338614962646365
2023-07-06,0.24171825303192263
2023-07-07,0.23916509366070887
2023-07-10,0.23667196481612573
2023-07-11,0.23426953532718742
2023-07-12,0.23214420978656986
2023-07-13,0.22835097567150087
2023-07-14,0.22635295652056558
2023-07-17,0.2238464452632779
2023-07-18,0.2210048970631764
2023-07-19,0.21713437269534572
2023-07-20,0.21447905689701408
2023-07-21,0.21268488105943723
2023-07-24,0.21068055443014908
2023-07-25,0.21077214335825478
2023-07-26,0.21126284966323305
2023-07-27,0.2113945369835649
2023-07-28,0.21111934222717438
2023-07-31,0.21121512535900325
2023-08-01,0.21078521128231764
2023-08-02,0.2092778339425995
2023-08-03,0.20731816259676847
2023-08-04,0.2057074067254486
2023-08-07,0.20194628621666239
2023-08-08,0.19834816095066418
2023-08-09,0.19589738909765833
2023-08-10,0.1936803877063127
2023-08-11,0.1917599687655284
2023-08-14,0.19039707840328982
2023-08-16,0.1895283911709191
2023-08-17,0.18866513880255115
2023-08-18,0.1878309455346794
2023-08-21,0.18630938093420057
2023-08-22,0.18479552694013326
2023-08-23,0.18349042878517333
2023-08-24,0.18126743662241507
2023-08-25,0.17969602252583217
2023-08-28,0.17804587147853757
2023-08-29,0.17375329240463072
2023-08-30,0.17013973380600816
2023-08-31,0.16817377323849855
2023-09-01,0.16491319671310894
2023-09-04,0.16212240147479243
2023-09-05,0.15938541150998883
2023-09-06,0.1576867816972132
2023-09-07,0.15673417398048578
2023-09-08,0.1561454897789401
2023-09-11,0.15717169154145025
2023-09-12,0.15653229791432158
2023-09-13,0.15515577645028525
2023-09-14,0.15240521087049594
2023-09-15,0.1486403864982949
2023-09-18,0.14652205088750753
2023-09-20,0.14300275019165545
2023-09-21,0.1387030524353774
2023-09-22,0.13128622404583076
2023-09-25,0.12548567726965917
2023-09-26,0.12058451735437492
2023-09-27,0.11549576256830266
2023-09-28,0.11111564733944491
2023-09-29,0.10614217674238884
2023-10-03,0.09978033353118054
2023-10-04,0.09908489444921345
2023-10-05,0.10079297482458859
2023-10-06,0.10189327925188878
2023-10-09,0.10685832008564185
2023-10-10,0.10919283142415057
2023-10-11,0.11162861312108764
2023-10-12,0.11600970120153511
2023-10-13,0.11733347137358965
2023-10-16,0.11997368291421089
2023-10-17,0.12411061004223728
2023-10-18,0.1304041597770312
2023-10-19,0.1366672431423663
2023-10-20,0.14369445261766067
2023-10-23,0.15384751766224736
2023-10-25,0.1646609997902409
2023-10-26,0.17981919115500775
2023-10-27,0.1899387226293353
2023-10-30,0.19930440437173785
2023-10-31,0.20257492756766107
2023-11-01,0.20798778511325366
2023-11-02,0.20825602464537463
2023-11-03,0.2054857537883106
2023-11-06,0.2039747263111444
2023-11-07,0.20231271348415383
2023-11-08,0.1997642850515545
2023-11-09,0.1983400447008544
2023-11-10,0.19743654582370262
2023-11-13,0.197077539053861
2023-11-15,0.19529542207914452
2023-11-16,0.19327189618190965
2023-11-17,0.19192089860504047
2023-11-20,0.19132359535760726
2023-11-21,0.19085468708379463
2023-11-22,0.19032576965243536
2023-11-23,0.191365297893402
2023-11-24,0.19351576250483687
2023-11-28,0.19886852282864173
2023-11-29,0.20310366950646905
2023-11-30,0.20789860154444134
2023-12-01,0.21469638269566468
2023-12-04,0.22724554905825572
2023-12-05,0.23585246001181673
2023-12-06,0.24283948870055883
2023-12-07,0.24771014819394474
2023-12-08,0.25199759853346965
2023-12-11,0.2554651795911903
2023-12-12,0.2581694767610252
2023-12-13,0.26133242193259343
2023-12-14,0.26536739009372984
2023-12-15,0.26836601579301905
2023-12-18,0.27014917720775866
2023-12-19,0.27179279371968484
2023-12-20,0.27008799531939415
2023-12-21,0.2691576354546369
2023-12-22,0.26939557242102297
2023-12-26,0.2701701964667197
2023-12-27,0.2720871852151934
2023-12-28,0.27480014497408173
2023-12-29,0.27687738663796924
2024-01-01,0.27806722317635835
2024-01-02,0.2785172150820362
2024-01-03,0.2781316041954711
2024-01-04,0.2779837812771794
2024-01-05,0.2781400228272515
2024-01-08,0.2779765230372464
2024-01-09,0.2776000464170856
2024-01-10,0.277784385486866
2024-01-11,0.27786470411794045
2024-01-12,0.27761605757943414
2024-01-15,0.2774544896241388
2024-01-16,0.27742928846503606
2024-01-17,0.27806831488752937
2024-01-18,0.2786541946894313
2024-01-19,0.27866008975578643
2024-01-23,0.2787497625025536
2024-01-24,0.2785775651244828
2024-01-25,0.27864259723461315
2024-01-29,0.2779761486247458
2024-01-30,0.27746315208058503
2024-01-31,0.27640059599693223
2024-02-01,0.27595102337313593
2024-02-02,0.27465233326432725
2024-02-05,0.27311168751766574
2024-02-06,0.2711493199658435
2024-02-07,0.26984220028976963
2024-02-08,0.26832769699536585
2024-02-09,0.26769625576483397
2024-02-12,0.2683234183576643
2024-02-13,0.26899285799404543
2024-02-14,0.2695509824183538
2024-02-15,0.2697124480871143
2024-02-16,0.2693255606559265
2024-02-19,0.2686597715227547
2024-02-20,0.26834695248834844
2024-02-21,0.2683703182886892
2024-02-22,0.26840448916888227
2024-02-23,0.26827878516462605
2024-02-26,0.2684310895353994
2024-02-27,0.2687648464468281
2024-02-28,0.26965120710477697
2024-02-29,0.27080441745830175
2024-03-01,0.2712157337904761
2024-03-04,0.27130762221429616
2024-03-05,0.2711863111740456
2024-03-06,0.27212656104581867
2024-03-07,0.27402370534305054
2024-03-11,0.27550678484775964
2024-03-12,0.2776208773887314
2024-03-13,0.28156331783513017
2024-03-14,0.2835093671919904
2024-03-15,0.28663074814510286
2024-03-18,0.2893187455145761
2024-03-19,0.2970439737516525
2024-03-20,0.30424479460484705
2024-03-21,0.30755612042487424
2024-03-22,0.3084695885980288
2024-03-26,0.3092554666942884
2024-03-27,0.3113218628178308
2024-03-28,0.31224044526705624
2024-04-01,0.3122132004600545
2024-04-02,0.3111335906596236
2024-04-03,0.3095258677111654
2024-04-04,0.30834457792521286
2024-04-05,0.3076575678554503
2024-04-08,0.305825359700449
2024-04-09,0.30369574195917576
2024-04-10,0.30209795422180824
2024-04-12,0.30050989030012265
2024-04-15,0.299206713536075
2024-04-16,0.2968213395737643
2024-04-18,0.2946881238639962
2024-04-19,0.29240021779967895
2024-04-22,0.29001112443821314
2024-04-23,0.2892804833724866
2024-04-24,0.2883373200892438
2024-04-25,0.2867850635025584
2024-04-26,0.28425466920988696
2024-04-29,0.2818394247565075
2024-04-30,0.2789734249928412
2024-05-02,0.2749002413216159
2024-05-03,0.27052651681577833
2024-05-06,0.26435789552177186
2024-05-07,0.2600316107093475
2024-05-08,0.25473443793200035
2024-05-09,0.25396001638584226
2024-05-10,0.2508713389561744
2024-05-13,0.24888054532123788
2024-05-14,0.2487122516684909
2024-05-15,0.24839102448756126
2024-05-16,0.24681733820973423
2024-05-17,0.2460360039297789
2024-05-21,0.2447510615003888
2024-05-22,0.2433289111986941
2024-05-23,0.24220583629920114
2024-05-24,0.241454440378341
2024-05-27,0.24088156482719003
2024-05-28,0.2403331830679246
2024-05-29,0.24030647343646283
2024-05-30,0.24095323448787553
2024-05-31,0.2414189965049272
2024-06-03,0.23949404324550894
2024-06-04,0.2416009585691279
2024-06-05,0.23757997957961988
2024-06-06,0.23397361803777672
2024-06-07,0.22982739605606653
2024-06-10,0.2263392737108587
2024-06-11,0.21893619679029575
2024-06-12,0.21358602604394325
2024-06-13,0.20840465008212722
2024-06-14,0.20434191786140202
2024-06-18,0.200342598607685
2024-06-19,0.19528631303892105
2024-06-20,0.19057873613655857
2024-06-21,0.18537848124668174
2024-06-24,0.17883056276136097
2024-06-25,0.17291435491914886
2024-06-26,0.1677527618068835
2024-06-27,0.16269776288119722
2024-06-28,0.1608690799366654
2024-07-01,0.15976693495641178
2024-07-02,0.15675347953919214
2024-07-03,0.15125524375720176
2024-07-04,0.15337183663967496
2024-07-05,0.14983451199255893
2024-07-08,0.1456663287116678
2024-07-09,0.1417073525933207
2024-07-10,0.1387658355528879
2024-07-11,0.13734842910288875
2024-07-12,0.13474140538856225
2024-07-15,0.132519242264016
2024-07-16,0.13150184336358425
2024-07-18,0.13000842330442652
2024-07-19,0.1290118265463718
2024-07-22,0.1273078854384044
2024-07-23,0.1256744503700128
2024-07-24,0.12439860178438922
2024-07-25,0.12361584726412071
2024-07-26,0.12345715445439484
2024-07-29,0.12356730210490267
2024-07-30,0.12209480978555555
2024-07-31,0.12231204963560237
2024-08-01,0.12246913362871023
2024-08-02,0.12249725002154617
2024-08-05,0.12423962125411855
2024-08-06,0.12698170245179488
2024-08-07,0.12812023044183704
2024-08-08,0.13046949770834976
2024-08-09,0.13203725888926826
2024-08-12,0.13383530451945358
2024-08-13,0.13671607224331983
2024-08-14,0.14079539324906148
2024-08-16,0.1434069318690391
2024-08-19,0.14568225801110532
2024-08-20,0.14671382356885343
2024-08-21,0.14767247032736514
2024-08-22,0.1491196486172523
2024-08-23,0.15080787453509578
2024-08-26,0.15234102694973412
2024-08-27,0.15332812149573372
2024-08-28,0.15404211648213167
2024-08-29,0.15545947375555524
2024-08-30,0.15465694050495746
2024-09-02,0.15501105837539805
2024-09-03,0.15502026779418576
2024-09-04,0.15656254963186328
2024-09-05,0.15835658754113474
2024-09-06,0.1588513497577424
2024-09-09,0.1592776126987119
2024-09-10,0.15967778403022856
2024-09-11,0.1600331657951972
2024-09-12,0.16111356350222578
2024-09-13,0.16246021973448654
2024-09-16,0.16271768421590482
2024-09-17,0.16220700346642952
2024-09-18,0.16027851798110826
2024-09-19,0.15971911377903333
2024-09-20,0.15772950325188717
2024-09-23,0.1547787312348201
2024-09-24,0.14760300812366245
2024-09-25,0.13960060743668792
2024-09-26,0.13463602033102892
2024-09-27,0.13152081877800464
2024-09-30,0.1276291654950294
2024-10-01,0.12381337908170685
2024-10-03,0.12294609710911986
2024-10-04,0.12429556734307368
2024-10-07,0.12911795805658838
2024-10-08,0.1308703953013354
2024-10-09,0.1317671716757356
2024-10-10,0.13322538146225327
2024-10-11,0.13404015546886117
2024-10-14,0.1362951100422273
2024-10-15,0.13884380679573713
2024-10-16,0.14178468111088444
2024-10-17,0.146803202671194
2024-10-18,0.14992324737289756
2024-10-21,0.15461075516194853
2024-10-22,0.16515470675180552
2024-10-23,0.17654659108127135
2024-10-24,0.1868064295705238
2024-10-25,0.19883567355755286
2024-10-28,0.21025630502642592
2024-10-29,0.2201413677462246
2024-10-30,0.22870310972001018
2024-10-31,0.23713363784292274
2024-11-01,0.2412516832919507
2024-11-04,0.24711998907785898
2024-11-05,0.24937718840978354
2024-11-06,0.25087179281686656
2024-11-07,0.25427891784798434
2024-11-08,0.2568683724383211
2024-11-11,0.2602602756127086
2024-11-12,0.2662449434526128
2024-11-13,0.27561198010471416
2024-11-14,0.28433354935588667
2024-11-18,0.29069275437130815
2024-11-19,0.2967835930745936
2024-11-21,0.3015966801422768
2024-11-22,0.301663077253212
2024-11-25,0.3006120947161001
2024-11-26,0.3002874504092753
2024-11-27,0.30026317532747926
2024-11-28,0.30058681232563433
2024-11-29,0.30142704449715113
2024-12-02,0.3027381995916535
2024-12-03,0.3044466959985002
2024-12-04,0.30630291462791487
2024-12-05,0.30600148859880877
2024-12-06,0.3081907755892157
2024-12-09,0.3081723669121861
2024-12-10,0.30691686989301964
2024-12-11,0.3023976698232121
2024-12-12,0.29843344802100463
2024-12-13,0.295173414111461
2024-12-16,0.29477360985215284
2024-12-17,0.2926271529595067
2024-12-18,0.29119490362503675
2024-12-19,0.2908951177561453
2024-12-20,0.29076773788942584
2024-12-23,0.2903217945549247
2024-12-24,0.2902627923873692
2024-12-26,0.2899991670656878
2024-12-27,0.2901731971585339
2024-12-30,0.2899259190585208
2024-12-31,0.2890626790459394
2025-01-01,0.2855472729083006
2025-01-02,0.28293649701831947
2025-01-03,0.2831445063337067
2025-01-06,0.2694805296043641
2025-01-07,0.2634096338586917
2025-01-08,0.2603803451029255
2025-01-09,0.25940316015640463
2025-01-10,0.26072711639701246
2025-01-13,0.2657437622257573
2025-01-14,0.26797337602668825
2025-01-15,0.2695079479196076
2025-01-16,0.2688565991375741
2025-01-17,0.26779233772072947
2025-01-20,0.26699939410394447
2025-01-21,0.26611996995842363
2025-01-22,0.2656970494377499
2025-01-23,0.26519384635372084
2025-01-24,0.2643251493704764
2025-01-27,0.2628587820416601
2025-01-28,0.26008556409142325
2025-01-29,0.256866698463079
2025-01-30,0.2536812318693729
2025-01-31,0.2501574324496758
2025-02-01,0.2494538980056466
2025-02-03,0.24995611564327397
2025-02-04,0.2505220985133565
2025-02-05,0.25201912547082844
2025-02-06,0.25356133673916653
2025-02-07,0.255889070155279
2025-02-10,0.2596299285416339
2025-02-11,0.2607401434945816
2025-02-12,0.2608673698938757
2025-02-13,0.2615675732811773
2025-02-14,0.26297514870722133
2025-02-17,0.2638383630727456
2025-02-18,0.263865065313156
2025-02-19,0.26277864155839653
2025-02-20,0.2618765028735489
2025-02-21,0.25975908651736496
2025-02-24,0.2589540934652914
2025-02-25,0.25864880238908766
2025-02-27,0.25863090202922157
2025-02-28,0.26064553796383344
2025-03-03,0.2636941316386542
2025-03-04,0.2644334022652691
2025-03-05,0.25871462751343527
2025-03-06,0.25251851596486125
2025-03-07,0.2510248480372096
2025-03-10,0.24905135232804962
2025-03-11,0.2469357397416217
2025-03-12,0.24476850772858594
2025-03-13,0.2397096443213296
2025-03-17,0.23332015628274355
2025-03-18,0.2297038059788455
2025-03-19,0.23230654782898763
2025-03-20,0.23692373091888613
2025-03-21,0.24428773355790334
2025-03-24,0.2527458834946186
2025-03-25,0.2570232274781765
2025-03-26,0.26153768587913045
2025-03-27,0.2695971397689933
2025-03-28,0.2769336537732512
2025-04-01,0.2824476964017906
2025-04-02,0.2956226939227301
2025-04-03,0.3065645327077906
2025-04-04,0.312997880831635
2025-04-07,0.313393974379549
